iteration,reward_mean,length_mean,games,loss
500,-1.0,2.0,8,0.02363249659538269
1000,-1.0,2.0,8,0.013491426594555378
